sample_id,names,X1,X2,manual_label,labels,tsn_1,tsn_2,tsn_3,tsn_4,tsn_5,tsn_6
1,11.png,-12.14079188,-3.005025059,-,9,-20.13821907,8.72219744,-2.192292354,6.22629412,1.141957612,12.53998118
2,67.png,-0.34338861,21.16931367,-,8,-2.609210257,0.278740579,5.310275978,-1.5938059,0.504054091,-21.13438478
3,92.png,-24.07144052,2.755267085,-,4,-19.31687997,9.168161254,-0.739779836,-7.17536289,0.727926986,-8.984532167
4,143.png,-12.46291882,4.81375475,-,4,-19.433916,7.905949978,2.473596195,-3.513867736,3.719168844,17.21143311
5,159.png,24.70471425,12.66166592,-,6,27.12262147,-11.38275881,-0.335081798,-20.37585652,-3.170686797,-11.81879953
6,237.png,-25.79256949,-4.04847393,-,7,-29.48687843,17.30651178,-7.040252916,-0.123655005,2.540245754,-6.432670369
7,271.png,0.365347092,4.845593228,-,2,12.7687448,11.85740743,5.92081318,1.528138759,2.108581303,11.11721377
8,281.png,-0.189093117,8.466457927,-,1,6.279964125,11.93798292,-0.182951658,-0.965057619,-2.11346599,10.46508175
9,411.png,0.778605075,-18.79503738,-,8,7.246802554,-13.55769284,4.063683834,1.137822351,0.834561456,-5.614834774
10,432.png,0.863137935,5.181134844,-,2,13.35381972,11.95034545,5.803533802,1.348884802,1.755929259,10.18344322
11,454.png,-3.155864985,-14.97712838,-,8,-8.045823598,-11.05532074,4.328873492,6.995535511,2.403821137,8.004278627
12,516.png,8.250977556,1.995414555,-,4,-14.68340227,8.889341299,-1.157198229,-9.366267129,-2.939141379,-11.92080469
13,703.png,-19.17631762,6.237054712,-,4,-29.31462028,8.409165591,5.124434799,-7.663880318,-0.382721226,0.826459359
14,713.png,25.95164418,13.33191437,-,6,25.52437171,-10.62247241,0.626315798,-21.1010939,-3.339396536,-13.84815094
15,842.png,11.55135162,21.05114208,-,2,9.180347302,-2.232776402,4.985398915,12.15121568,10.21401127,18.62804411
16,882.png,-20.72388869,1.651344175,-,4,-29.47881749,10.18982231,0.63736537,-5.628852238,6.004356732,-2.535452426
17,889.png,-7.903514175,-5.152022147,-,7,-21.281509,14.98365459,-5.244989024,6.841651421,0.69502909,16.91394961
18,905.png,10.34074031,14.22516359,-,2,19.42010015,6.139890697,1.366126614,-5.140764331,7.627767064,4.372953083
19,908.png,5.211427603,15.0093029,-,2,17.45781836,11.22586557,7.188436333,0.599119735,2.927151173,5.500104715
20,966.png,-11.72484021,-5.828287277,-,7,-19.12455209,13.20223941,-3.767049496,5.67770383,0.590573393,11.97956618
21,1100.png,-8.364066148,-8.627973238,-,7,-16.10995688,17.80369886,-6.242691436,6.829023732,3.224852312,17.82694708
22,1134.png,17.37972567,-1.438565641,-,8,9.650752536,-11.70541383,2.599086222,-1.424234109,-1.113666382,-8.665038023
23,1151.png,-16.0585975,-7.218185115,-,7,-16.27659747,11.56920381,-1.941694746,2.054507495,-0.062929996,2.830222687
24,1263.png,24.28777085,12.45540736,-,6,27.22088036,-12.23388407,-1.523818298,-20.26961267,-2.918289752,-10.96323223
25,1290.png,-5.180129966,12.29435144,-,1,5.644510389,12.26546476,0.37066972,-3.098209386,0.798161526,21.29118537
26,1292.png,0.700831629,21.82084873,-,3,-1.636272007,-1.150800701,5.765728703,-1.225791298,0.02677486,-22.42464716
27,1348.png,-12.75808991,-8.029845485,-,7,-17.43250081,16.133893,-4.487561075,5.560721964,1.092139289,8.450840723
28,1366.png,-18.77921632,-6.797052798,-,9,-17.85264521,11.33370645,-2.21603724,0.548762077,-0.340775111,-1.977499773
29,1376.png,-10.52799091,7.931061082,-,5,-0.011913676,-3.326797115,-11.35634409,0.335576883,-6.23496275,17.93147069
30,1574.png,13.22349975,11.88977547,-,6,21.8664181,-6.051221318,-7.374462426,-6.595994299,-2.308827455,5.985887128
31,1577.png,15.1103812,6.871978613,-,6,19.10141826,-8.035546473,-6.441085199,-6.586435499,-3.803194856,-1.608896284
32,1593.png,3.218036925,-9.542600299,-,8,-2.545006133,-7.216057203,5.827528148,3.972927107,2.093745865,-1.93931655
33,1610.png,-5.559541957,4.470714131,-,5,5.724075203,-5.87992168,-7.674294808,1.720119471,-4.035066859,18.65316274
34,1638.png,12.02880903,19.9306858,-,2,10.06049944,-2.784376343,3.938431177,10.64134703,8.707129797,19.45035491
35,1711.png,-14.77305452,-5.216734899,-,9,-18.1869667,8.910378883,-1.948603205,4.391479124,-0.219197062,6.725097096
36,1717.png,-12.60648714,-5.323592826,-,7,-18.39824734,11.59362498,-3.036415532,4.965158058,-0.002273058,10.74575065
37,1764.png,24.55654547,-1.095726848,-,0,24.76014938,-19.92084629,-0.750582035,1.022370572,0.303715259,-1.626260817
38,1793.png,-13.51985752,-7.705437746,-,7,-16.44702776,14.38899143,-3.400690929,4.626881874,0.791027266,7.238440162
39,1875.png,-10.45479092,8.168257361,-,5,0.289028842,-2.964374549,-10.83900506,0.356142344,-6.229204964,17.98139791
40,2003.png,-30.55190557,4.009033337,-,4,-27.76988234,8.519015031,1.034649665,-8.473455047,4.041123002,-14.55317726
41,2004.png,14.11239171,-7.353246807,-,5,3.353222854,-9.705865143,4.796239165,1.911622334,-5.77861943,-13.15832287
42,2021.png,13.85304675,-4.026202443,-,3,1.947144375,-8.465562799,8.232388123,2.590732346,-0.862256167,-19.04337041
43,2075.png,-0.680298733,-11.85890824,-,8,-7.160707273,-9.386574541,5.248486765,5.773492562,3.828723757,1.311693045
44,2118.png,17.95053358,6.410383618,-,6,21.37710703,-8.578651427,-6.684459611,-11.09621668,-4.534486397,-4.176430304
45,2152.png,18.41366869,-8.427380657,-,5,8.652016098,-9.650849832,-1.716035163,-1.181550206,-4.116518038,-8.446072194
46,2231.png,-1.274704854,11.66945652,-,1,8.879758683,11.0329188,-0.721367598,-3.015076082,-2.771872482,15.6758055
47,2308.png,10.50216487,-4.391416884,-,3,2.254883715,-5.455638869,7.837218801,3.095488786,-3.960256404,-19.97081649
48,2309.png,17.37079178,-4.275814551,-,5,5.943896378,-11.46713393,4.761178518,-1.424256065,-2.114728356,-18.37377655
49,2314.png,-24.94920338,-3.346563144,-,7,-28.84793695,15.92463786,-5.666890047,-1.040013786,2.782091206,-6.298737031
50,2356.png,7.405231661,6.200179649,-,1,7.900513678,12.28368903,-2.837234739,-3.155622864,-10.21161659,-0.19535722
51,2395.png,-20.70066231,4.104709457,-,4,-28.1052547,9.817404757,2.878808283,-6.656739319,2.613718793,-2.766838532
52,2399.png,-19.921732,5.555496133,-,4,-29.22888945,8.878991462,4.051028305,-7.042106485,0.295488973,-0.914255541
53,2413.png,21.71393098,8.544157468,-,6,26.08132736,-11.17782793,-4.212646037,-12.67614078,-4.039020184,-7.089072284
54,2432.png,2.911293673,-2.664117513,-,2,14.33440834,-1.124152676,4.956113086,10.16510839,5.542095163,14.99306857
55,2433.png,-21.70607583,-7.225321035,-,7,-21.82426769,17.34454873,-5.77954167,2.496007622,1.074299239,-0.32950767
56,2457.png,6.523740604,-5.691867454,-,8,-2.599226268,-4.090795258,5.812469425,1.329723459,1.317788626,-8.960890913
57,2516.png,-13.85274509,-0.286017355,-,4,-24.79902059,5.618677018,-1.214558213,6.203205819,2.931479275,12.98523789
58,2523.png,6.131326286,-1.874202626,-,8,2.219365708,-1.694530448,4.464004464,0.800701442,-0.407669422,-2.890744559
59,2541.png,-15.85537142,7.336828571,-,2,-16.34790292,7.806430851,0.025529442,-9.196215439,1.330408582,-5.970141875
60,2576.png,-24.16492909,2.468248937,-,4,-20.56045088,9.063869219,-0.686320655,-7.32585441,1.08814372,-9.348514693
61,2586.png,-16.90414841,-1.642911655,-,9,-26.96644642,7.87635883,-3.363343854,5.164306494,1.632015039,4.948719776
62,2610.png,-1.170552773,9.230431697,-,1,7.181834933,11.50981253,0.492071698,-0.83312867,-1.79422754,12.68529568
63,2631.png,20.99952777,-2.811523521,-,0,14.22262385,-13.07129297,0.453123028,-0.794850349,-2.191721355,-8.448486291
64,2662.png,20.12368044,5.580228083,-,6,21.79678975,-10.59863696,-4.613939288,-12.8353148,-4.605872528,-8.059867652
65,2755.png,16.7801766,12.00748123,-,6,25.22628077,-11.1886602,-6.653488817,-6.390002238,-2.044618805,3.611105886
66,2797.png,-22.59923925,-2.067198073,-,9,-28.23140565,9.978887482,-3.033762617,0.888994374,3.185886841,-5.585270726
67,2809.png,13.09274604,-7.202748091,-,3,1.119372157,-10.45297393,5.897460009,4.595762216,-5.142555687,-14.62078816
68,2956.png,-0.464213077,10.4679243,-,1,9.045934817,11.81357194,-0.68228008,-2.847506154,-2.533523581,12.7899472
69,3001.png,-24.34540946,3.652265403,-,4,-17.26255434,9.225194386,-1.863914565,-7.266748263,-0.979556414,-9.359760167
70,3034.png,0.124530437,-7.767524541,-,3,-1.769135285,-5.796916143,5.64744534,10.49820877,1.241914755,7.376536647
71,3101.png,10.40534048,-16.5885172,-,5,7.851501526,-6.989889169,-9.728513135,0.018173579,-4.358764486,14.44041224
72,3202.png,-26.01088351,-6.906775696,-,7,-26.57329251,21.68435109,-8.853284282,4.263378715,2.995479714,-0.310382279
73,3218.png,16.03890839,12.60816491,-,6,26.00022193,-9.520777284,-7.452966279,-7.697038207,-1.754184319,4.946208381
74,3226.png,10.72018942,-10.55928622,-,3,5.974921675,-7.188111139,11.27025346,6.537056263,-5.369688125,-11.74243306
75,3315.png,10.61814278,-8.434568617,-,3,2.690695713,-7.087698948,8.816021979,4.781390003,-4.552440786,-13.78570077
76,3325.png,-5.104584822,6.471608984,-,5,8.243991274,-6.353837464,-9.422298577,0.52995228,-3.449519309,16.22102125
77,3367.png,30.05614938,1.156646242,-,2,24.85471415,-23.1349743,-3.108027339,6.143981679,-0.286101937,8.189919662
78,3393.png,-17.01514006,-5.754254647,-,4,-18.07417984,8.727452664,-0.966774149,0.73464899,-0.891538056,0.463506152
79,3611.png,14.37324708,-8.948781962,-,3,6.98691648,-9.179693839,7.905728571,2.709092614,-6.444173924,-14.11120023
80,3633.png,-24.07428283,4.345599313,-,9,-17.42120918,9.480404604,-1.328967288,-3.904870931,0.446356859,-9.517461899
81,3649.png,-11.94554259,-5.155616687,-,7,-17.12937363,12.37931949,-2.373449442,3.183797753,0.125751865,11.83152879
82,3753.png,-21.57123077,-7.353871625,-,7,-21.71789775,17.43069421,-5.915425899,2.999002784,0.897987711,0.533925422
83,3763.png,2.280907,10.60446678,-,1,10.59563187,12.4222989,0.188300451,-2.505893004,-6.902659834,9.583300435
84,3812.png,-10.82776782,-14.71791109,-,4,2.10045784,12.95588872,-0.54274314,-3.968123855,-13.13143071,-4.324300389
85,3834.png,16.37809473,3.855812819,-,6,17.01588154,-6.78122895,-4.440194291,-8.227191567,-4.266828485,-6.893174888
86,3858.png,-29.64782219,6.622559892,-,7,-21.38647335,12.77004498,-0.462464576,-7.300938898,2.890284567,-16.177617
87,3898.png,-21.04676544,-9.227648157,-,7,-18.38302005,17.93846496,-4.610592001,2.282657216,0.779486937,-2.252424027
88,3932.png,3.378576693,10.48893125,-,1,10.99210539,11.77231971,-1.856707506,-3.549172602,-5.735153686,8.853948198
89,3973.png,0.48834223,-13.17152856,-,8,-5.092589501,-7.370125135,7.254611644,7.083211166,7.569876675,2.610732701
90,3992.png,-4.150015137,-3.309312743,-,2,-2.117259091,9.449866833,2.356407236,6.228010296,4.340365756,12.16011962
91,4042.png,-14.64663234,-3.001555538,-,9,-21.77039005,6.671746693,-1.817281168,4.938930702,-0.760549504,8.834055234
92,4054.png,1.429177672,-4.282632447,-,2,11.46364567,-0.720475717,4.471049943,9.721345889,4.698076811,15.27050191
93,4079.png,-28.01742568,2.041061275,-,4,-19.62927083,8.414419677,0.589918518,-10.06409848,4.52632588,-11.27556006
94,4156.png,17.920781,10.13632686,-,6,24.84260258,-10.07847475,-7.085397085,-10.17322109,-2.213726276,-0.105631983
95,4173.png,9.980222736,-16.25085995,-,5,0.109677014,-16.85420562,-0.013819719,3.57809026,-7.502399929,-6.570769337
96,4190.png,-10.16095142,-3.475361815,-,8,-20.90141715,10.07840446,-3.472255163,10.42170904,1.894244189,15.94505476
97,4219.png,-23.5309676,-1.380659037,-,9,-27.6396526,11.0964858,-2.414264891,-0.73708195,3.59093391,-6.876041316
98,4272.png,25.01434703,12.90891147,-,6,26.28443728,-11.3588237,-0.390053174,-20.85467668,-3.095901135,-12.5416542
99,4290.png,-21.42340125,-8.531968722,-,7,-19.37157433,18.34689255,-5.478304695,3.782835373,1.212599269,0.346072995
100,4356.png,33.02342534,-0.010091365,-,2,27.83095547,-23.93480931,2.5020007,10.31875996,5.29252569,4.855157831
101,4373.png,30.42229484,1.186504143,-,0,25.25617269,-24.02856204,-3.421424983,6.535301425,-0.630393345,8.928061885
102,4400.png,18.07299543,-1.605527676,-,0,10.55749987,-11.98393659,2.247847089,-2.10628339,-1.380758292,-9.554535613
103,4505.png,-20.67486899,1.629122101,-,4,-29.45882515,9.865621924,0.395609084,-5.528008133,6.206892596,-2.560102024
104,4673.png,16.84006383,10.8116143,-,6,25.04074178,-10.47780062,-5.994878438,-8.218008311,-0.658587812,1.913141961
105,4705.png,0.512346554,-2.15874601,-,2,11.10392475,3.410684025,5.346822345,7.761203089,5.024289605,14.47637038
106,4707.png,22.75891302,6.690697358,-,6,25.74978598,-15.30011673,-5.137129426,-14.09731792,-4.77991424,-5.769832659
107,4710.png,-2.409793361,-2.406293707,-,2,4.899791351,1.15581066,6.150224153,9.588142042,7.366744503,12.82610602
108,4770.png,1.712794815,21.51193577,-,3,-0.426440859,-2.762464994,6.178093446,-0.226345337,-1.049444271,-22.12394245
109,4834.png,5.283433085,-14.68728324,-,5,-7.065878991,-12.31423483,-1.338009113,4.331744981,-7.013246229,-2.935618378
110,4860.png,-18.31107649,0.623182681,-,4,-23.64186031,8.76281645,0.390925997,-3.116561254,2.832453141,0.55207798
111,4877.png,-2.773716575,-10.06104684,-,8,-7.519639531,-5.073082887,3.803129119,4.074018959,3.107131651,1.345079614
112,5078.png,-19.11202746,1.722975081,-,4,-27.42287814,7.503079646,0.646337001,-4.101865095,5.429763969,1.262058468
113,5081.png,7.300743505,6.126465827,-,1,8.298294601,12.17503907,-3.757690065,-3.538651184,-10.15745408,-0.309557927
114,5117.png,-30.91734471,-7.982847114,-,7,-20.84163618,20.396236,-5.751707547,-1.851599346,3.804943228,-15.65639327
115,5399.png,22.32188193,-5.305228663,-,0,21.36032544,-9.443558565,4.647082482,-15.72352773,-4.658587306,-18.45147792
116,5409.png,-14.01020178,-8.575021361,-,7,-16.0517786,15.46931605,-3.668061472,5.513332874,1.254491539,5.819065332
117,5421.png,14.59896777,-11.48006007,-,3,9.741914495,-12.07580927,11.77388417,5.195840177,-4.275801375,-15.12823328
118,5507.png,31.35283087,-7.346425794,-,0,28.39652331,-30.77038769,1.436973541,11.12657905,0.375988478,-3.287517141
119,5536.png,12.57994085,-11.83983373,-,3,8.720717883,-7.691547614,11.0487479,5.701935571,-6.094061167,-12.53807263
120,5580.png,0.143328197,-10.45333613,-,2,-4.075673326,-7.802734011,6.606753976,7.779577707,3.209184744,5.010290848
121,5630.png,10.34489732,-3.632435562,-,3,2.277922721,-4.706156464,7.506677036,3.003770307,-4.024057107,-21.66104458
122,5669.png,22.08165611,8.670215829,-,6,26.64456348,-10.82135278,-3.54309716,-11.22847879,-4.337602234,-7.818894224
123,5885.png,20.74017987,2.013231125,-,0,18.06227786,-12.69702856,-1.618055394,-10.64390948,-1.191337291,-10.08519277
124,5899.png,16.53337356,5.7456569,-,6,19.15665789,-8.16720179,-6.085034027,-8.906929836,-3.948652248,-4.005251974
125,5942.png,14.34190983,8.199157555,-,6,19.8257097,-6.484084951,-7.157189119,-7.653346338,-3.51877727,0.998847045
126,5967.png,28.47769942,-1.719845562,-,0,26.80466314,-24.5593654,0.268375201,3.874625604,0.182704941,2.717822003
127,6009.png,-20.91681548,-11.40830884,-,7,-15.18922835,18.61316014,-2.92245969,0.030904621,0.366467286,-4.324645147
128,6054.png,14.36169571,11.04886081,-,6,22.61985549,-8.406718008,-6.337595707,-6.458574385,-0.642640382,4.336788172
129,6129.png,10.18674932,-11.27039769,-,3,6.35943456,-6.018405613,11.7518355,7.116058266,-5.776644514,-10.19711392
130,6155.png,26.20936392,-2.509613986,-,0,26.36516331,-22.7236782,0.540881625,3.226633694,0.562881533,-0.395266786
131,6178.png,-28.39797591,-6.405013547,-,7,-22.73961874,20.82620349,-6.532630701,0.740544696,3.753858786,-10.19679778
132,6184.png,-2.067785395,-2.948794127,-,2,5.843218667,0.547840209,6.173064656,10.51616514,8.182495671,14.67149986
133,6217.png,2.100233719,9.45884141,-,1,9.527401083,12.85382529,1.061045382,-2.022367746,-8.653863094,7.542844121
134,6235.png,26.1406448,2.141481232,-,2,17.16021447,-0.175130134,4.992577101,7.381592415,11.49088089,12.60867987
135,6271.png,23.48056368,5.858956799,-,6,28.06701641,-14.44916155,-6.142446334,-13.38909478,-4.998683306,-4.874097579
136,6288.png,-10.10887734,0.097700204,-,9,-15.37415851,9.603381397,-1.589253458,4.703150476,2.069013704,17.4484503
137,6306.png,-15.31837755,-4.931199667,-,1,-17.74787846,7.021979922,-1.417054499,3.914113576,-1.751696634,6.978511472
138,6324.png,-0.095893324,-11.20160466,-,8,-4.880962872,-9.06341605,5.928550856,6.372470792,2.748792148,2.946468832
139,6352.png,15.98548807,-7.295759774,-,5,6.595673905,-9.720981297,4.559035282,1.146753764,-5.540727678,-15.48668028
140,6362.png,-18.15629587,1.71586673,-,4,-24.66146777,8.777140538,1.077934148,-4.133048994,3.418974659,1.026310775
141,6376.png,21.08152388,11.28098404,-,6,29.6442765,-11.19732166,-4.46779897,-13.12428183,-1.662229761,-3.746492536
142,6385.png,15.28458233,5.25118455,-,6,17.62070548,-6.650851391,-5.723422178,-7.294451048,-4.5141155,-3.997611687
143,6482.png,-18.19436747,-3.75987555,-,9,-23.95675071,8.761612376,-2.709938058,4.803603129,0.301385586,1.317748587
144,6504.png,7.888959393,-5.376576146,-,8,-2.922490573,-8.216982088,9.221596776,6.684135053,5.731914334,-3.918753411
145,6508.png,14.11633384,8.547075698,-,6,19.959259,-6.12597949,-7.282512626,-7.634528886,-3.350347895,1.775970049
146,6521.png,-22.06287133,-1.658236745,-,9,-28.57890944,10.37369068,-2.2860174,0.24471112,3.699635459,-4.627860164
147,6552.png,28.3976114,12.92570465,-,6,22.65060652,-7.832581071,2.849099172,-20.26352881,-4.471240089,-16.02229546
148,6572.png,-19.04069207,5.101306243,-,4,-27.62799858,7.707943885,3.770055767,-6.598402474,-0.234894041,0.155243639
149,6645.png,-0.067189171,-17.7810001,-,8,-4.853829767,-14.13666969,6.045594493,7.913296295,4.152588471,4.923604228
150,6664.png,9.81557918,-7.738816123,-,3,1.420557053,-9.88095655,9.342562325,6.942452961,-4.863804346,-16.17731962
151,6740.png,-11.83275592,-6.443045566,-,7,-19.49519121,14.53797546,-4.33506011,5.455994109,0.528545733,11.51864814
152,6774.png,-21.82225796,-7.798253962,-,7,-21.22178972,18.34989672,-6.176711835,3.834362228,1.342093542,1.267914835
153,6778.png,-30.07742335,-7.464503717,-,7,-21.31478967,21.94249333,-6.725318903,-1.002571256,3.406933235,-14.1577136
154,6832.png,13.204888,-10.12907603,-,3,7.476695608,-9.245174686,10.11680761,4.206097862,-5.784265205,-14.19845715
155,6854.png,8.080722023,-11.9233949,-,5,-0.190501913,-11.76481509,4.79252145,6.537882598,-6.585663731,-7.925298473
156,6873.png,-1.165913976,-13.18200099,-,8,-7.181278162,-9.855653002,5.600614984,6.853077196,4.332179732,4.377107671
157,6980.png,-17.73844948,-3.321455022,-,9,-25.02432524,8.738187692,-2.582545014,6.439556678,0.453304542,1.038381321
158,6994.png,7.990598085,-15.26617671,-,5,-3.266268211,-14.90004942,0.811397563,4.487509038,-6.430875807,-6.0366241
159,7004.png,-25.87197213,1.288963834,-,9,-20.77387139,9.330172945,-1.887928307,-3.206709409,1.818516568,-11.95878167
160,7062.png,-14.42593799,0.260532423,-,4,-26.39379894,5.931406694,-1.028381559,5.237821734,1.857220739,13.01133443
161,7090.png,16.19645547,-5.22099934,-,5,6.367694149,-8.699999914,4.030820319,-0.865802428,-3.744493527,-18.79898548
162,7159.png,24.32568219,10.06727304,-,6,27.00828819,-11.70018158,-2.195628559,-16.41300335,-5.171561601,-10.70192708
163,7180.png,-13.00872211,-2.578250671,-,9,-22.21537056,8.752848993,-2.416850123,5.679501853,0.497765813,12.02297222
164,7185.png,24.86457057,-8.711340021,-,0,28.4740853,-25.52477972,-1.199890415,4.588928838,-0.776392459,7.898756789
165,7188.png,-6.648640111,14.67682691,-,8,6.91388285,7.363537613,-0.569788836,-2.786632922,-0.790060113,23.5790576
166,7310.png,-26.4974343,2.625144096,-,9,-18.28748989,9.776258974,-1.072434128,-6.609067413,2.240652983,-13.21036938
167,7321.png,-4.556808691,-1.154574302,-,7,0.132785161,10.49836038,1.27166659,3.183188446,1.958869967,13.16545785
168,7337.png,-18.41213083,5.05332761,-,4,-27.76499259,7.153541728,3.914616321,-6.44860701,0.068067632,1.344285803
169,7342.png,5.982740142,8.383900223,-,1,10.5132384,8.995372017,-4.523923906,-3.822247209,-5.660573178,2.96403875
170,7408.png,5.72127736,-16.99799265,-,5,-6.686618228,-17.09343997,-0.636092682,4.303699895,-5.169108831,-5.017649981
171,7440.png,7.180833018,-16.90331858,-,5,-4.214223109,-15.82965175,-0.900918184,2.180561149,-3.676486236,-5.198419923
172,7445.png,30.7097373,-4.03658002,-,0,29.6220002,-30.37124165,1.483959898,6.779611356,-0.38092593,1.033376136
173,7464.png,-27.83662498,0.837590326,-,9,-18.82597902,9.451899678,-0.941949357,-4.34721634,3.26192896,-15.664128
174,7481.png,-29.92373245,-7.131222114,-,7,-21.17814811,22.35463998,-6.937612477,0.047395477,3.873898801,-13.63138539
175,7495.png,27.7592738,-0.438847335,-,0,27.34126084,-21.82570409,-0.39000626,2.21307102,0.318990249,2.81023985
176,7524.png,3.484485399,7.497469493,-,1,8.1891573,12.5377821,-1.934059418,-1.983926786,-6.280401276,4.332602456
177,7534.png,-24.70747721,-2.951040287,-,4,-29.07833287,15.27655345,-4.840923643,-1.430756845,2.798375475,-6.414399305
178,7542.png,-2.819731787,13.23667832,-,1,8.612864185,9.921416622,-0.034408694,-3.300499605,-1.953253424,19.20679508
179,7591.png,0.323733441,1.679797163,-,2,15.40002232,3.68566194,3.773714487,5.035507439,12.0806634,13.13424908
180,7597.png,-15.65790825,1.972376229,-,9,-30.77563809,8.176974963,-2.024327034,3.39668171,2.692313321,9.724532899
181,7610.png,22.35037554,-5.304141139,-,6,21.17165764,-9.531755872,4.719928712,-15.25025419,-4.717832851,-18.5721602
182,7693.png,-6.899527736,8.189041685,-,5,6.751331008,-2.129736143,-14.48647503,-3.183241242,-4.098128515,16.86405235
183,7732.png,-18.2930926,-6.231853396,-,9,-17.02589133,9.483058293,-1.040510241,-0.935012154,-0.397220649,-3.669615786
184,7763.png,31.03324783,-1.822181769,-,0,29.14421776,-27.95147915,-0.462484845,6.804902753,-0.356807024,4.922292403
185,7772.png,-1.178276005,-1.086137933,-,2,9.434040322,4.454917962,5.733651336,6.785557429,6.025982177,9.874918719
186,7835.png,-8.730414302,6.011352492,-,5,2.674824926,-5.3389857,-14.37387977,-1.230390209,-5.202874418,18.4336536
187,7907.png,-1.914617551,-10.03986591,-,8,-6.917114126,-6.722287921,4.085822751,3.737528534,2.607543121,0.627454969
188,7917.png,-0.769734103,10.97982194,-,1,9.506855436,11.67515319,0.320610765,-2.45588545,-2.481695296,14.17922288
189,7921.png,9.939425288,4.256553143,-,1,8.498622177,10.88801533,-5.407192474,-4.814481081,-12.93049905,-5.792284392
190,7971.png,-25.53769385,-8.710193502,-,7,-22.79172116,21.98660154,-7.35624148,2.553440219,3.095279189,-6.838072846
191,7983.png,7.538141136,-2.430307577,-,8,7.68954078,-11.48434532,3.847752027,0.342142701,-0.256618709,-6.700637387
192,7994.png,6.412608035,-13.87426733,-,5,-5.00999339,-13.97926753,-0.031134958,5.428431927,-6.732360142,-1.064961007
193,8044.png,-13.7470864,-8.694189783,-,7,-15.42778715,15.67914726,-3.644402814,6.027235852,1.407921865,6.424584696
194,8111.png,-19.76278088,5.577697553,-,4,-29.05484918,8.983308921,4.400240943,-7.260112929,0.302868696,-0.395147397
195,8191.png,1.307335366,-0.965353726,-,2,12.91134493,2.112298423,6.660954386,9.144907269,9.088131585,11.66907629
196,8224.png,-14.62753426,-3.92394539,-,9,-20.05266351,7.250013203,-1.835709233,5.093399723,-0.541468969,8.20221022
197,8242.png,31.56714412,-2.202658751,-,0,29.09975288,-29.28756392,-0.721987269,8.556143995,-0.198607087,4.236223245
198,8315.png,19.60950301,5.236617555,-,6,21.31833564,-10.83108244,-4.592350571,-11.67153784,-3.156319708,-6.926292331
199,8348.png,12.5473805,-6.104609773,-,3,1.448132438,-8.329172595,7.951615046,1.316730576,-4.424224938,-16.9680342
200,8350.png,-14.36529732,-4.503192704,-,9,-18.8631846,7.984553854,-1.913989287,5.134552459,-0.489687512,8.417714327
201,8383.png,-19.13890825,3.046436438,-,4,-28.21803403,9.070226189,2.132466076,-5.552600281,4.288016161,0.272857521
202,8410.png,27.84915811,-1.373561515,-,0,26.85777153,-23.10103182,0.307781306,3.065501777,0.359957267,1.904508528
203,8436.png,-3.177943882,-15.71525153,-,8,-7.411763304,-12.38949884,4.407925089,7.882296941,2.920258001,8.89294877
204,8450.png,0.517757079,-2.787273862,-,2,10.5294786,1.516249393,5.251743948,9.104810165,7.243941885,15.40342948
205,8506.png,-30.28264878,-0.473629716,-,9,-24.85554115,9.56390625,-1.329500995,-5.449932364,8.221906203,-16.43906981
206,8523.png,-17.08212683,4.012666431,-,4,-27.60118299,7.108852362,3.563876397,-5.146494705,0.456340173,4.14278474
207,8547.png,-12.48827331,-6.754418875,-,7,-18.91147685,14.57617642,-4.076036631,4.757404828,0.404393087,10.0467292
208,8553.png,15.67697013,2.924916833,-,8,15.98369857,-5.97758696,-4.00567309,-7.620127702,-4.467837473,-7.561869787
209,8560.png,-23.35516143,-4.880555197,-,7,-25.93930704,16.16310554,-5.461771737,0.752956673,2.83462288,-4.323065041
210,8586.png,28.23199102,12.23271792,-,6,23.85176949,-8.330083907,2.403786467,-20.58631986,-5.819463641,-16.41710619
211,8634.png,14.37085689,-12.14051714,-,3,8.514074646,-13.13063071,10.65395193,5.018013676,-3.588745251,-14.33833473
212,8661.png,-3.783561025,16.14872912,-,2,10.60509096,10.39476093,2.535762301,-3.476949621,3.028681072,23.08053867
213,8725.png,-2.019306981,9.986845488,-,1,6.549031673,11.19318546,0.346983799,-1.069702931,-2.074002337,14.39426444
214,8744.png,-18.79206901,-6.447740136,-,9,-17.35324288,9.723295889,-1.50435527,-1.426142311,-0.132060544,-6.050947676
215,8746.png,-26.45328732,4.472152805,-,4,-16.12437027,8.664071317,-0.932274518,-9.501842691,-2.480586126,-12.10560283
216,8793.png,-6.185734243,7.316030792,-,5,7.313116828,-3.625599561,-12.84341932,-2.090015479,-3.874767924,16.5486696
217,8812.png,14.57287537,-7.374368629,-,5,4.754524853,-9.822926057,5.168288506,1.784928825,-5.781752172,-14.299206
218,8881.png,16.83172455,8.042302916,-,6,21.13977661,-8.339055195,-6.577933341,-10.20947611,-1.07584136,-2.795194008
219,8906.png,-4.630552904,13.97974081,-,1,7.804479392,10.64451782,0.656596211,-3.316318163,1.127341239,22.00064585
220,8957.png,-18.20121813,4.796296886,-,4,-27.35413412,6.778229842,3.609197315,-6.141438579,0.494443632,1.718471369
221,9028.png,-3.406004501,-17.77571568,-,8,-7.713151138,-14.3242954,4.862441653,9.623823865,6.41904511,10.00675769
222,9106.png,-0.292818439,11.5483911,-,1,9.008125008,10.76648499,-0.286297557,-2.528133345,-4.128128322,14.76124728
223,9117.png,32.35391269,-3.744373758,-,0,30.08744735,-29.51839045,0.912356532,9.433099558,0.177581749,2.985383637
224,9167.png,30.30443845,-1.466956361,-,0,28.41358006,-26.47876886,-0.503093414,5.826693276,-0.160448953,5.299589688
225,9210.png,10.17779159,3.045478654,-,1,10.28454517,8.648757831,-6.264213147,-5.158502279,-11.40694126,-4.863867493
226,9252.png,16.72552136,6.909933229,-,6,20.90966258,-7.32870213,-7.377388417,-10.20165034,-4.172696238,-2.256056583
227,9264.png,28.61776208,12.33592709,-,6,23.05448998,-7.407015037,1.889348182,-20.33694899,-5.332070349,-16.18410183
228,9330.png,-24.86360957,0.088668229,-,9,-22.88217312,9.863814585,-3.024041342,-2.21868826,1.606655761,-10.20613745
229,9516.png,-30.31881623,5.895834305,-,4,-23.70840313,11.86820373,0.565135213,-8.440282952,3.325949991,-16.33770284
230,9656.png,12.44610662,-0.608381963,-,3,7.087240128,-1.59420531,2.255321089,-3.102932135,-4.729562658,-18.1848395
231,9667.png,0.867586852,-6.905380507,-,3,-0.69840438,-6.965189766,5.91282715,9.513968117,3.799245116,7.403588325
232,9678.png,33.48400489,-7.026250904,-,0,30.00810029,-32.84128351,3.907408701,11.27263441,-2.433290767,-1.593721392
233,9715.png,-15.88270072,-9.959950769,-,7,-18.46218738,18.18738515,-5.232365498,5.820850547,1.570841703,3.52275442
234,9745.png,27.14716157,-2.402025636,-,0,25.30223227,-23.0938466,-0.326522666,4.536038708,0.775914189,0.584724671
235,9767.png,-16.89028685,-7.434242498,-,9,-16.16855084,11.65417292,-2.18270543,1.477165833,-0.317351646,1.034702828
236,9797.png,-28.10042277,-2.161935351,-,9,-27.79720073,11.65241049,-2.178188524,-2.827355243,6.977168909,-10.7077183
237,9804.png,4.658136202,9.347402848,-,1,10.96457213,11.01460418,-3.344503889,-3.705258542,-5.370852234,5.820251632
238,9807.png,-8.312705697,5.654955417,-,5,3.070663484,-5.615282884,-13.420651,-0.368947435,-5.053843188,17.36841943
239,9810.png,27.85688811,13.02139279,-,6,23.15160909,-9.005844287,3.305673322,-19.21584086,-4.379053151,-16.57564307
240,9812.png,26.08184564,9.144634791,-,6,22.55754359,-9.5538057,-1.766941767,-15.65389299,-5.360370084,-12.38930139
241,9837.png,-17.51591304,-1.6484984,-,9,-27.24234644,7.797725293,-3.134015547,4.817624746,1.742149966,3.512997497
242,9853.png,-28.10080437,8.570520784,-,5,-25.30900232,4.800633824,-4.549910057,-2.063795212,0.423416657,-14.08819354
243,9855.png,5.383033031,-4.746036346,-,3,-6.407119312,-4.2179295,4.95048155,1.805762041,0.919384775,-8.317556353
244,9857.png,-22.97052163,8.186361996,-,8,-12.98304563,14.55945026,-2.547970035,7.085561658,1.894995958,3.685608596
245,9977.png,2.022115793,10.83149848,-,1,10.16218095,12.30564898,0.320282041,-2.282270765,-6.606130289,10.64024885
246,9988.png,18.04837354,6.242342889,-,6,21.03311521,-8.632771498,-6.61725597,-11.41459625,-4.831139936,-4.739283671
247,10067.png,2.754355056,-14.12833246,-,8,-3.595051177,-10.03511907,10.02768249,7.834145272,7.430093948,-2.264157946
248,10081.png,5.152202742,9.92040541,-,2,13.33547562,12.08429087,-2.313345597,-3.182970805,-4.605376311,5.827946139
249,10085.png,-7.339612492,-12.46214312,-,5,-7.843543725,-10.64755604,-2.592185357,4.822284357,-8.429613325,0.226437485
250,10093.png,-7.797635613,7.234864421,-,5,4.776255584,-3.068627212,-14.20150159,-2.098653104,-4.642258577,17.38378026
251,10334.png,-20.35433132,-11.33295098,-,7,-14.78854414,18.31424545,-2.112921877,0.017281722,0.507930848,-3.197741488
252,10386.png,7.692798914,-15.80701822,-,5,-4.089975188,-15.51960976,0.438858993,4.176793275,-5.745676717,-6.095777234
253,10398.png,-24.59798315,-8.490948986,-,7,-22.47144406,20.72969505,-6.629253857,2.584744441,3.028448797,-5.683218388
254,10400.png,-21.58423073,0.926509639,-,4,-28.47014787,10.59621502,0.363912808,-4.500484775,4.376729434,-3.738738292
255,10432.png,6.196010504,5.499868078,-,1,8.421470444,10.63693424,-4.899688059,-3.810002959,-7.550266325,-0.539419377
256,10565.png,13.11189231,-17.81226789,-,3,7.834751964,-8.123344579,-6.815288297,2.995987092,-2.753667484,17.46883011
257,10587.png,19.12015077,8.804228016,-,6,24.79854098,-13.39536638,-5.822165035,-8.990981708,-4.565320071,-2.801620157
258,10588.png,20.31153458,8.251477518,-,6,25.33219511,-11.8953448,-5.378912542,-11.49948917,-3.810173894,-4.598697939
259,10620.png,-0.88532674,2.569945833,-,2,13.44731881,5.403971707,2.266083252,2.890549987,12.21536075,12.07845426
260,10638.png,1.144917845,-3.814647442,-,2,10.94014955,0.151625227,4.517176016,9.384308088,5.455308861,15.72002672
261,10723.png,9.180240073,5.041863044,-,1,7.638907309,11.71251931,-3.652973158,-4.367875564,-12.32686026,-4.132140201
262,10805.png,-4.517476762,13.50376436,-,1,6.050721454,10.13638423,0.077181223,-3.227334737,-0.971427205,21.77899925
263,10895.png,17.96557972,10.47282857,-,6,25.5786345,-10.31656129,-7.1989773,-10.11180998,-2.082273595,0.50366085
264,10960.png,18.89464156,-1.666971512,-,5,11.97139048,-12.65076681,2.246095205,-2.803450957,-1.439408571,-10.75361648
265,11011.png,4.602226997,8.846862717,-,1,11.28396648,11.96478289,-3.24764083,-3.258034766,-6.240346303,4.882873292
266,11016.png,3.234987099,-2.692067535,-,2,14.54950761,-1.210173821,4.574524706,9.973209285,4.690312421,14.87538906
267,11044.png,5.096957855,6.455626762,-,1,8.164555837,12.2472935,-3.121762808,-2.428174332,-7.545437015,1.543349586
268,11063.png,6.915735939,2.977954343,-,3,6.493576095,8.601066774,-4.098835407,-2.802059839,-7.290810667,-3.593356961
269,11078.png,26.37785957,-0.837863913,-,0,24.56422539,-21.20460363,-1.667884883,3.707284782,0.613858452,0.742354024
270,11088.png,5.992734912,8.432175445,-,1,10.02769175,8.550730818,-4.275481008,-3.574987908,-4.98041239,3.204442771
271,11150.png,18.96956511,-5.177498636,-,5,10.68080417,-7.75670659,4.69787407,-2.368376357,-3.906583783,-20.3414347
272,11310.png,31.0911813,-7.287553224,-,0,28.10418477,-30.13424938,1.517193528,10.95674657,0.970042481,-3.130382578
273,11311.png,-14.56662941,-2.050626062,-,9,-23.44444265,7.353789,-2.269408603,5.689933416,0.923359991,9.526618121
274,11313.png,-18.25224215,10.58265,-,3,-14.50424814,-4.568137446,1.409228706,1.39106162,1.308371227,-9.802938266
275,11323.png,19.98132482,9.756721201,-,6,27.0293302,-11.8090788,-5.096029861,-10.59512026,-2.61709008,-3.268803087
276,11348.png,-1.895096996,11.94063044,-,1,8.814585197,11.34167627,-1.232005028,-3.439420858,-1.509229876,16.53417877
277,11416.png,-1.52576,-4.936338846,-,2,9.835045316,5.016829989,6.631299293,7.173922721,12.73412379,11.83215728
278,11431.png,-15.21266195,-7.15463617,-,9,-16.02433149,11.60629234,-2.112802014,3.337791212,0.068258372,4.701677527
279,11443.png,12.57908023,-4.763329777,-,3,-0.475658603,-8.543285432,8.248896041,2.152980598,-0.728271435,-16.75049758
280,11510.png,-10.97360281,-6.55799442,-,7,-18.95210367,14.1262183,-4.346957939,7.119949481,1.693989281,12.520531
281,11537.png,31.01619007,-2.98474619,-,0,28.43128434,-28.87476733,-0.560345375,8.806755732,0.40939493,2.700686052
282,11548.png,31.10752049,-6.134534328,-,0,28.78154239,-30.35037953,1.280406002,10.74839717,1.005292039,-0.928148242
283,11569.png,-8.981660251,6.073913422,-,5,2.163537212,-5.009406151,-15.24573823,-1.354960968,-5.402715817,18.17554515
284,11634.png,26.79219395,0.38901737,-,0,26.77921084,-20.17355665,-1.151818467,1.013648224,0.177237035,3.044562694
285,11670.png,30.84476077,10.62050018,-,6,19.27705111,-4.488086952,4.515548033,-21.29907028,-4.853074028,-15.58952578
286,11682.png,19.69425567,6.195025426,-,6,21.69443627,-10.67866636,-5.918152455,-12.68120566,-5.618347919,-6.83134929
287,11756.png,8.174674748,5.287189663,-,1,7.83992892,11.8221735,-4.795452096,-3.218442493,-11.2479233,-2.531601319
288,11768.png,-33.31101983,4.338500433,-,4,-29.30367629,11.68578321,2.125919554,-10.13870236,7.83914815,-16.3148198
289,11769.png,16.335932,9.85531659,-,6,23.19680413,-8.922643135,-6.113137152,-8.945646057,0.537451121,1.416674433
290,11814.png,13.72669944,12.59561233,-,6,22.69424225,-6.892598859,-7.990243925,-6.522120736,-2.747678997,6.716681996
291,11835.png,-26.96122528,5.844869713,-,4,-24.90267187,7.150525099,0.940508174,-6.124297356,-0.169704646,-11.70335059
292,11889.png,-28.12630101,-9.657975807,-,7,-17.29355739,18.01790845,-4.377784346,-1.975661215,1.141477447,-12.15759906
293,11932.png,14.74487094,-3.122148396,-,3,1.588899238,-4.401063679,6.555194468,0.359017075,-1.550337229,-21.33520558
294,11997.png,2.487772984,9.878244858,-,1,9.792964006,12.42792784,-0.321744702,-2.370334269,-7.359630471,8.120793218
295,12073.png,-9.040559904,-7.813278037,-,7,-16.7228363,16.02652031,-5.20350553,7.318849434,2.850660035,16.93822038
296,12110.png,12.71138499,11.60522949,-,6,21.09723654,-5.157641942,-6.903912191,-6.262671725,-1.982554519,6.070159481
297,12234.png,-21.78722175,2.453046538,-,4,-33.60307649,10.28553083,-0.048727069,-3.392575305,6.761658679,-1.727607743
298,12375.png,16.66003049,6.825751109,-,6,20.66664112,-7.249426204,-7.242727438,-9.870803252,-4.550129597,-2.301573915
299,12392.png,-12.34080386,-1.231278093,-,9,-21.32514735,6.787833298,-1.197523606,5.38187232,3.0242696,13.55980549
300,12422.png,10.36079859,-5.797073886,-,3,1.258468021,-6.47554871,9.766899557,4.433366437,-5.516974726,-17.79287509
301,12431.png,-4.950792731,12.85235386,-,1,6.580797599,10.64600106,0.360242022,-2.562992065,0.993183974,21.00524982
302,12541.png,11.37138303,-19.6285327,-,3,1.898122859,-13.2051425,5.178320617,12.06824223,-3.392709897,8.500669492
303,12583.png,1.612163025,8.168916431,-,1,7.576431112,12.26063642,-0.611019453,-1.450098656,-4.44295594,7.897955693
304,12625.png,-25.04568956,3.580771091,-,4,-17.335553,9.606859704,-1.328506471,-7.861378318,-0.462045387,-10.77815761
305,12662.png,-14.74509342,-9.656316307,-,7,-17.47706739,17.62844319,-4.938340288,5.870712238,0.975601174,5.423298122
306,12678.png,-1.902514773,-5.530397679,-,2,9.455685042,4.876800905,6.488882988,6.679002423,14.16986959,11.40530256
307,12694.png,-12.40900746,-9.783505688,-,4,-17.57720022,10.50681145,-0.279893939,-0.130247373,1.083394951,3.717388298
308,12710.png,-6.424656627,12.94616193,-,1,3.626094616,10.37031465,0.706677652,-2.724750486,1.083797372,23.06687056
309,12740.png,-2.725179188,2.025955099,-,2,10.98827053,10.21345419,4.24191925,4.517701687,7.077145694,11.56648099
310,12790.png,-23.65575742,-6.929554414,-,7,-22.84104326,18.53265944,-6.361761531,1.131903264,1.330194516,-4.572634396
311,12797.png,5.76311769,4.609712673,-,4,8.203514749,11.40024272,-7.052814402,-4.18905148,-7.411591601,-1.419444454
312,12818.png,10.37253008,-13.76804658,-,3,-1.313533606,-15.46591598,3.656348953,4.925387865,-6.71596496,-11.00732568
313,12901.png,-12.64896853,3.272195248,-,4,-19.55030048,7.725850928,1.261087001,-0.928634963,2.96689721,15.87878759
314,12936.png,6.341934626,15.6710688,-,2,16.1999502,11.61103675,8.08146379,3.682558356,3.434316601,5.080150454
315,13035.png,-21.52160027,-8.632274355,-,7,-19.48759868,18.28675993,-5.351412653,3.175979167,1.153964037,-0.757421971
316,13067.png,7.271132858,-14.87830127,-,5,-4.013123242,-15.01694551,0.431458191,4.812135129,-6.114152719,-3.67231861
317,13082.png,-3.941061183,15.77954648,-,2,9.844274264,10.52357697,2.042477163,-3.457906852,2.567116486,22.83426038
318,13155.png,-28.65612398,-9.48920709,-,7,-17.91726956,17.69469813,-4.510545662,-2.027742911,1.508012186,-13.44084187
319,13191.png,-25.64052594,-2.338206172,-,4,-28.38557132,14.49631601,-6.478210981,-3.506230287,3.147183625,-7.518631336
320,13210.png,20.75378625,6.908659916,-,6,24.41194706,-10.5603401,-4.784945763,-13.31155497,-4.35548873,-7.221692693
321,13219.png,0.731761655,-12.30141987,-,8,-4.860719752,-7.68758983,7.225686294,6.606028348,5.999531321,0.832251048
322,13329.png,28.81233795,-6.042589098,-,0,26.08795514,-28.11245011,-1.59147134,9.935207128,1.204246671,-0.6230569
323,13380.png,6.28021203,15.18097446,-,2,15.8746706,10.98516937,7.182897512,3.402730857,3.596616566,5.647911606
324,13387.png,-23.96365875,-8.226466669,-,7,-22.79007395,20.39451024,-6.830690184,3.055786529,2.696401907,-3.696453926
325,13486.png,18.62641431,3.175066326,-,6,18.71525962,-9.232528716,-3.929385446,-12.90739871,-5.793011429,-10.03655421
326,13534.png,-0.460564774,8.68789258,-,1,6.843358482,11.72339756,-1.113438728,-1.842230053,-1.521886687,10.98297312
327,13552.png,9.85006289,6.21531804,-,1,5.696260948,12.84244089,-1.478799498,-3.530528309,-13.07664051,-3.425051277
328,13622.png,9.875525212,5.838954133,-,1,6.448580155,12.54188475,-2.357867417,-3.765225261,-13.15638142,-4.219754522
329,13636.png,-2.049099437,8.36914004,-,2,8.931595059,11.40440313,1.099360392,0.033990529,0.813383739,12.49462769
330,13710.png,16.55459254,11.24483043,-,6,25.25652244,-10.01429512,-6.383265414,-8.07969875,-0.819608227,2.941842461
331,13714.png,-12.6118476,4.807965543,-,4,-19.40358906,7.96523008,2.446640979,-3.590954068,3.548856,16.55485234
332,13730.png,8.596107558,4.752270121,-,1,7.798697002,11.35495892,-4.548296954,-4.644007787,-11.32307972,-3.66426798
333,13741.png,-24.72625402,0.709675707,-,9,-22.29238106,9.835140568,-3.486151495,-3.5680804,0.80757016,-10.45753604
334,13770.png,2.248485712,-16.42164673,-,8,-5.306964647,-15.31309294,7.34676395,6.510305339,6.22348826,0.036663898
335,13816.png,1.068387223,-14.92167074,-,8,-5.788619116,-12.17021777,7.962094223,7.741211131,7.80840887,1.111489091
336,13855.png,6.912604377,-17.29519639,-,5,-4.563332543,-16.58550723,-1.331979096,2.749787524,-4.084446387,-3.94592386
337,13872.png,5.67918249,1.285568196,-,1,5.117083639,12.32311525,1.233027074,-2.590312826,-11.94528922,-0.267022177
338,13903.png,30.71111998,-1.524567609,-,0,28.11020977,-26.99380587,-0.809694365,6.958061123,-0.066626852,5.250826364
339,13944.png,18.21431761,10.10619398,-,6,25.37394315,-10.65994464,-6.780525134,-10.54170709,-2.169493627,-0.611174783
340,13948.png,-2.3204818,11.0373922,-,1,7.162668879,11.78270496,0.11670656,-2.642195573,-1.208383641,16.20387886
341,14017.png,-15.90790207,-9.090244779,-,7,-20.7098342,17.75577595,-5.869191101,6.297215911,1.917113066,5.56706943
342,14047.png,-24.24148328,5.84246086,-,9,-17.64752613,8.661021548,-0.965128016,-2.044227101,1.07374156,-11.63297579
343,14079.png,-9.700152457,8.438914962,-,5,1.744467428,-2.690382616,-10.23142427,0.193109978,-5.806019619,18.18272589
344,14087.png,-13.4124075,-2.843843254,-,9,-21.18500853,7.53190256,-2.133244249,5.895590042,0.165040003,10.70932644
345,14095.png,6.800994134,16.66802674,-,2,16.68757528,11.14289457,9.753169371,4.451466942,4.112880011,3.892048649
346,14099.png,-11.35995101,-11.69845632,-,8,-6.565726445,4.965600024,3.086870668,1.969124313,1.302158547,-0.74513884
347,14100.png,16.34972099,11.96244428,-,6,24.68737364,-10.33525534,-6.680718389,-6.515064559,-1.797560527,3.927504193
348,14105.png,0.460241867,4.293814192,-,2,13.02480101,12.57089005,6.915594756,1.83766202,2.976033251,11.43824645
349,14114.png,-9.433034967,-6.596328518,-,7,-17.66464537,13.44725957,-3.978006078,8.928869868,2.689329461,16.0893393
350,14155.png,-2.044744597,-17.83115642,-,8,-5.368023471,-14.03131641,5.410131804,9.150155442,5.843968009,8.492831936
351,14168.png,-0.929783254,7.768511115,-,7,4.632404542,12.10812163,-1.85119247,-1.51848544,-1.377626248,10.69468151
352,14267.png,30.83356925,-8.305898954,-,0,27.56286744,-30.21891438,1.80819916,11.31892618,1.110142383,-4.87747795
353,14284.png,-25.75240986,3.608075331,-,4,-16.45917914,10.23382681,-1.470704879,-8.212779916,-0.03924787,-12.08798289
354,14316.png,-30.12363938,-7.583095782,-,7,-20.59500509,21.59993073,-6.494936677,-0.416104725,3.669108825,-14.24493239
355,14321.png,6.067850811,-16.19077139,-,5,-6.179054423,-15.22982988,-0.604202773,3.990418857,-5.326731943,-4.63265552
356,14330.png,-28.26547177,5.271113101,-,4,-27.42582392,7.00770516,0.24540029,-6.577245118,1.611945418,-12.69342837
357,14367.png,7.434902036,5.829026632,-,1,7.281802173,12.31910639,-3.32776819,-3.836681308,-9.596104247,-1.188182285
358,14401.png,-10.88212667,-5.144296247,-,7,-17.19686773,12.71283993,-3.042054408,5.455146039,0.973795067,14.44941585
359,14417.png,28.56590857,-3.145966217,-,0,27.34254471,-24.77872792,0.537850666,6.187276035,1.421936181,0.710245686
360,14446.png,-18.31294604,-3.372050216,-,9,-24.5727036,9.178718534,-2.951044003,4.992770696,0.579802596,2.242850926
361,14453.png,29.33231807,-2.058684658,-,0,28.02248292,-25.57303264,0.443844346,4.996562084,0.336627907,2.998456499
362,14481.png,-33.7807899,-0.411719743,-,9,-25.08878931,9.249606419,1.030871149,-8.559881005,9.852126132,-21.42551547
363,14491.png,-13.39733594,-2.290821472,-,9,-21.75815229,7.350614422,-1.569664507,5.419978771,1.628248258,11.19469629
364,14588.png,-18.666913,-1.779493325,-,9,-27.87019544,7.954070353,-2.506515564,6.140912193,1.203329495,0.211569211
365,14599.png,-1.875510898,1.094636425,-,2,13.54071542,7.640053665,4.474416709,5.32544546,9.856844483,11.74149444
366,14622.png,-32.81302541,6.04077714,-,4,-31.16136712,11.31872152,1.674150316,-8.970465996,7.74646226,-11.69901341
367,14663.png,31.14473991,-5.89456366,-,0,29.07785304,-29.61631846,1.691383007,9.942811317,0.955544333,-1.016813947
368,14679.png,-5.371881994,1.958136697,-,3,5.373347546,-2.696617292,-0.954507239,6.490478213,1.813913758,20.2323466
369,14697.png,3.618303393,3.090125703,-,8,-4.813116513,2.744407195,2.456552161,-1.177945324,0.012505715,-10.49088839
370,14748.png,-5.668216436,12.40448048,-,1,4.439324477,11.39151386,0.47051198,-2.655752149,1.078354015,21.37903252
371,14814.png,-29.59976894,3.733541413,-,4,-26.58705019,9.729188379,0.942399769,-7.422019093,4.493268325,-12.21510871
372,14872.png,2.691854921,10.57368174,-,1,10.64089443,12.09991405,-0.705112139,-2.803431557,-6.034306911,9.363265816
373,14900.png,-23.4659517,-8.414265644,-,7,-22.50003443,20.55796909,-7.022919577,3.711941103,2.499472994,-2.14886809
374,14970.png,12.45320417,-11.00854029,-,3,6.808498373,-10.16944198,11.77711853,6.475409621,-5.048901774,-13.5817912
375,15073.png,25.29707905,11.16242,-,6,27.25974755,-11.16097974,-0.81351334,-18.57188516,-5.262850649,-12.16398909
376,15132.png,0.073390455,4.855044297,-,2,12.26317316,11.64802707,5.832038831,1.462535279,1.993184712,11.82355007
377,15136.png,24.32265153,-2.544750729,-,0,25.1037736,-21.44415219,-0.143897086,2.490908138,0.652183148,-4.033363807
378,15140.png,4.909211868,-8.539082884,-,8,0.688283625,-7.783088758,6.31842859,1.408614428,3.13608,-4.057016458
379,15144.png,11.73968202,-7.118279432,-,3,1.800283836,-8.836446077,8.916388689,3.593973036,-1.986161195,-17.22945598
380,15146.png,28.54156877,-5.053460353,-,0,26.06800776,-26.42428846,-0.790632284,8.668797608,1.619604922,0.093367192
381,15157.png,-28.44076045,-0.408951309,-,9,-19.39015477,7.407038752,-2.260445987,-4.419848881,6.043784732,-17.8864973
382,15227.png,1.020750962,-14.75305334,-,8,-6.10283862,-11.45816257,8.390434631,7.810648906,8.863712292,0.910271066
383,15242.png,0.953078508,8.071761814,-,1,7.418030107,12.129443,-0.201018565,-0.990939784,-3.029022305,8.275096007
384,15317.png,18.72323143,3.138801202,-,6,19.19984879,-9.56474105,-3.6725278,-12.87798638,-5.589732084,-10.16240772
385,15401.png,-3.904980053,11.69228531,-,1,7.122651747,12.49185698,0.119996294,-4.040256039,0.430883076,19.32405535
386,15425.png,-20.08995,-9.985648799,-,7,-16.15615961,16.98943302,-3.152741409,0.98820237,0.264156478,-2.447418778
387,15524.png,25.57814291,-1.442642235,-,0,25.9170042,-20.88956745,0.716190468,1.693769274,0.431499545,-0.0600231
388,15543.png,5.745114267,-6.08535591,-,8,-2.139416038,-4.120502848,5.876526732,1.603214123,2.016020461,-6.859580651
389,15547.png,12.85003032,-17.87373222,-,3,7.889650166,-8.828782417,-6.297197066,3.497532593,-2.741543293,17.34413357
390,15615.png,-8.203289551,-5.209909773,-,7,-20.62730383,14.70125993,-4.961053467,6.777974266,0.857807045,16.45830454
391,15647.png,18.33426024,8.446704987,-,6,23.6046919,-11.30764732,-5.624125085,-8.547077718,-3.217111185,-1.967090938
392,15665.png,-26.11258693,0.806940034,-,9,-22.35424153,9.966355311,-1.851886067,-3.440275411,2.471488404,-12.28454971
393,15697.png,-13.37278318,-0.114624445,-,4,-24.93980146,6.604125624,-1.406458894,6.502900896,3.748843408,13.75215022
394,15704.png,-6.82253727,10.77605249,-,7,-0.465202417,10.29434899,1.192941638,2.778734714,2.373411635,15.26163261
395,15851.png,-0.102551783,-2.923466735,-,2,9.881104475,2.075259087,5.35923504,8.908586984,7.869606953,15.50305978
396,15867.png,-19.76460813,-9.255990805,-,7,-16.61370291,16.00115037,-4.342277964,1.835479201,-0.632448161,-2.098178723
397,15901.png,9.221416661,6.007274701,-,1,6.510881263,12.46007874,-2.214013999,-3.583031778,-12.16970394,-2.778486423
398,15944.png,-25.72541419,10.92400991,-,4,-23.27804597,10.8302495,4.348261313,-15.61328284,6.231853353,-16.45707946
399,15951.png,-26.98410261,5.936145522,-,4,-25.26063286,6.994755068,0.922889957,-5.937813437,-0.178850126,-11.52769468
400,15982.png,9.404430317,13.5303779,-,2,19.09390651,6.894381024,2.341043888,-4.468719377,5.645194783,3.665007685
401,16117.png,9.476683625,5.485797875,-,1,6.920121222,12.60524448,-3.675590118,-2.843499931,-12.31389132,-4.370015688
402,16171.png,-17.48866033,-3.285443587,-,9,-25.21407848,8.619202243,-2.478789071,7.16156863,0.410260136,0.863679377
403,16177.png,10.72552109,-10.37642694,-,3,4.852171274,-7.683274914,11.44447949,6.708637832,-5.285260381,-12.38761588
404,16213.png,35.55350098,-5.688089117,-,0,30.14290094,-33.03989036,4.106025377,11.34074137,-2.660099827,-1.506262233
405,16317.png,-10.74097522,-6.476422331,-,7,-19.10123125,14.57906935,-4.552379405,6.814809479,1.412235464,13.52061244
406,16382.png,-2.933046415,7.23120181,-,2,9.88120772,7.347150252,1.379814842,1.892555236,-5.425938514,13.29621926
407,16389.png,-24.94664483,5.801472695,-,4,-16.95237535,9.070326794,-0.327850356,-2.740783336,-0.401687991,-11.99081004
408,16401.png,3.632728516,3.260193949,-,8,-4.78206647,2.712903467,2.532381081,-1.250267049,0.041991945,-11.08961718
409,16490.png,-23.4008315,-5.133832052,-,7,-25.44005777,16.79909196,-5.61469898,1.001338476,2.945962142,-4.280599841
410,16568.png,-5.336893823,14.05900348,-,1,6.677074847,9.264417578,0.331393016,-2.668938603,0.486685096,22.64419762
411,16640.png,-17.73065468,-5.997298965,-,4,-16.85056423,8.647904058,-0.651336911,-0.245591429,-1.024228542,-2.324970852
412,16658.png,-0.774346935,1.399974356,-,2,13.77155935,5.663779526,3.836014487,4.734044298,10.89351059,12.22835405
413,16707.png,13.55205915,-5.456339,-,5,0.245883026,-9.578864614,5.605793544,1.298570368,-3.439608641,-17.42220059
414,16741.png,0.925931674,-17.39890535,-,8,-5.56337497,-16.57148965,6.904520716,8.365218697,5.62264458,3.384404879
415,16750.png,-5.072678076,12.19517964,-,1,6.309043856,11.982076,0.607922343,-3.720356701,1.611844655,21.01381159
416,16910.png,-4.839996658,2.099018017,-,3,6.16702156,-2.440234883,-0.002004234,7.025971056,2.757641548,19.87896314
417,16927.png,-22.72075195,-1.207219997,-,9,-27.91099072,11.24783436,-1.89374262,-0.884545344,3.919031072,-5.637169251
418,16939.png,-29.47744539,3.933237443,-,4,-26.15417505,9.130402101,0.984708073,-7.811498159,3.965251708,-12.96770268
419,16961.png,-12.16539087,-3.362609714,-,9,-19.06414431,8.498668697,-2.006961572,6.235235457,1.603094448,11.43842693
420,17061.png,28.31510105,-6.897501452,-,0,25.11533228,-28.14643595,-2.274558977,10.73556642,1.457090422,-1.413901107
421,17092.png,-7.080131262,-12.62447582,-,5,-7.408418883,-11.34157361,-2.050235337,4.803320963,-8.016249297,-0.637949241
422,17306.png,19.61500221,-12.01785823,-,5,-2.906656553,-16.59832347,-1.811453468,0.367977332,-2.652816818,-5.861046804
423,17340.png,3.128062067,7.453170846,-,1,7.831671574,12.40819972,-1.210390425,-1.749660311,-6.135070034,5.177570525
424,17392.png,-9.69600907,0.663413817,-,7,-15.05926562,10.85443189,-2.174372984,5.00379058,2.280267624,18.75853073
425,17415.png,10.64797436,-4.046293332,-,3,2.522930923,-4.961607038,7.46715565,2.546741767,-3.888468537,-20.17413915
426,17475.png,20.86593737,9.213207655,-,6,27.45592643,-13.42607258,-5.641768768,-12.32456235,-3.958174334,-4.069720772
427,17526.png,32.26681383,-5.021351643,-,0,29.73787534,-29.71599105,2.488341924,8.491314306,-1.318018922,-0.015722555
428,17555.png,-14.36162561,-6.008811035,-,9,-17.23614748,10.19504444,-2.124739575,4.271678425,0.017092306,6.828790627
429,17595.png,2.906817517,12.01495969,-,1,12.46441515,12.57291976,-0.873588498,-3.974059054,-6.731666562,10.56863859
430,17615.png,-30.51502532,-7.980693861,-,7,-20.64610575,20.71578534,-5.994829726,-1.432180392,3.49673949,-14.94342744
431,17624.png,-21.80629501,2.510584158,-,4,-33.87787404,10.2532654,-0.058331723,-3.317042055,6.788870945,-1.62548129
432,17711.png,5.76322874,6.113668382,-,1,8.775356793,11.02883048,-4.469563325,-2.400849947,-7.211117946,0.467379025
433,17713.png,6.072049384,15.05125245,-,2,16.08454991,11.09567918,6.96733413,2.802752386,3.345470587,5.746131173
434,17858.png,6.658735539,-1.597219979,-,8,3.118095472,-1.429192314,3.882607124,0.576177351,-0.969595343,-2.15756307
435,17939.png,10.09693148,11.92639,-,2,18.15637506,6.168638151,1.676263497,-4.880894681,3.040697314,1.877863405
436,17948.png,31.87170061,-9.756575505,-,0,27.80653049,-31.60817098,3.368654287,12.6667574,-0.085870123,-6.775546367
437,17994.png,19.75432797,-9.754213958,-,5,8.649319055,-11.45314974,-0.359830327,-2.913373798,-1.686418441,-7.91876236
438,18016.png,14.69736841,-7.839729302,-,3,5.541055482,-9.607656644,5.703262648,1.783759771,-6.278232745,-14.02084809
439,18027.png,24.80582891,11.32110317,-,6,28.05317049,-11.87187689,-1.277598308,-18.84169751,-4.517438563,-11.35696518
440,18201.png,-19.86373322,3.217623774,-,4,-28.00584931,9.63411694,2.10126014,-5.817721102,3.711080618,-1.405141563
441,18254.png,-8.624180164,1.354596009,-,7,-14.13930277,11.58125166,-2.501525455,5.390365247,2.823334892,20.14817277
442,18288.png,1.637710444,-1.230543659,-,2,13.25703057,1.320553745,6.548025989,9.541168503,9.35318847,12.43684858
443,18496.png,5.750649214,-5.952606573,-,8,-2.490746148,-3.918702706,5.712424478,1.488098253,1.852453281,-7.089361719
444,18499.png,24.1890854,-1.125251882,-,0,24.6604166,-19.71618844,-0.907400691,0.78553442,0.320040836,-2.564960293
445,18510.png,28.04241952,-7.052194481,-,0,24.41891329,-27.79817096,-2.816243069,10.93057631,1.673308855,-1.626087672
446,18693.png,-9.739426847,0.834524342,-,9,-14.30371199,10.05635132,-1.658317481,4.629439313,2.138948195,18.56311976
447,18702.png,-7.209031378,-0.246174002,-,8,-10.75583777,-9.861813538,1.758722444,8.703122119,4.071450557,17.6623888
448,18711.png,-18.20634877,-7.326920972,-,9,-15.74883328,10.34233083,-1.679549392,-0.577020502,-0.684467738,-3.92154363
449,18731.png,20.70047642,-5.311022591,-,3,19.39333823,-9.449654302,5.235979291,-13.22764525,-4.625606084,-19.2957106
450,18780.png,4.958625132,-8.521461071,-,8,1.065748213,-7.602860432,6.306511266,1.570220958,3.310814414,-3.881568662
451,18810.png,-24.39367158,3.2321977,-,4,-18.35796573,9.194854151,-0.765870646,-7.504020591,0.25214686,-9.417141844
452,18879.png,-30.69356298,0.002030032,-,9,-23.56978847,8.498937752,-1.518648783,-5.493064527,8.616427876,-17.72180697
453,18914.png,23.75745495,-2.244587928,-,0,24.22435997,-20.5035701,-0.207403295,1.682934551,0.451741083,-4.302021196
454,18915.png,-19.60524772,-7.083951523,-,7,-18.56930105,12.43586454,-2.813610329,0.83983931,-0.250221938,-2.325547151
455,18940.png,13.94759669,-12.8760127,-,3,7.754223801,-13.97669405,9.776189429,4.746171992,-2.848397144,-13.46755245
456,19069.png,8.050294383,-11.9168855,-,5,-0.378501666,-11.65349716,4.84978983,6.796497701,-6.751476911,-7.968816675
457,19119.png,0.701602666,20.9883398,-,9,-1.255098094,-1.367450849,5.795939817,-0.765742612,-0.366159978,-20.57142224
458,19198.png,-14.14822266,0.052808206,-,4,-25.60402832,5.882006336,-1.089564636,5.559081864,2.367672585,13.08999654
459,19240.png,-2.056403233,-11.61858273,-,8,-6.755097515,-7.820888326,6.291465539,4.82972474,6.128793492,1.40224222
460,19250.png,4.046184459,8.469897724,-,1,9.841684961,12.02791974,-2.623334695,-2.792635674,-5.976667554,5.212245498
461,19301.png,-4.568058207,-15.34829571,-,8,-10.12086356,-11.80953354,3.698624105,7.815177626,2.653872402,8.786206281
462,19306.png,-17.77007878,-10.65039973,-,7,-20.18219315,20.46723805,-6.53754267,5.354536193,1.791140665,0.923918892
463,19312.png,-26.04529487,-6.67788462,-,7,-26.34939473,22.22499443,-9.156252582,3.897340518,2.83995998,-1.632507607
464,19359.png,-23.08105647,-9.263409076,-,7,-20.15476958,20.10246117,-5.804778731,3.623592565,2.265812876,-3.116648004
465,19372.png,20.04306044,8.073328935,-,6,24.67250967,-11.14694043,-5.526317501,-11.39261754,-3.739726158,-4.574464975
466,19379.png,3.081963261,8.926282204,-,1,9.120316752,12.30675871,-2.426399523,-2.633840961,-4.394951616,7.498624444
467,19454.png,24.92267612,11.11470221,-,6,28.75701095,-11.88040353,-1.228873404,-18.29553709,-5.249995141,-11.36840044
468,19567.png,16.63231616,-5.042515924,-,5,7.342255757,-8.202648523,4.399011733,-1.155592129,-3.542464474,-19.06416278
469,19579.png,-5.635716724,12.96301264,-,1,5.45752179,10.95498277,0.98535607,-3.379532972,1.254327013,22.2269424
470,19694.png,0.632357423,-13.20760286,-,8,-4.822838064,-7.099009513,7.456879375,7.167448748,8.1410165,2.745062685
471,19706.png,-28.7299385,-9.59238907,-,7,-17.73626785,17.38357424,-4.405491201,-2.137230566,1.446193684,-13.77555072
472,19857.png,10.21176404,21.20663538,-,2,7.357467027,-0.990226722,5.709973251,11.60052642,8.815502736,17.22335262
473,19922.png,-28.40682416,-9.030458749,-,7,-18.43429992,18.92609769,-5.061566089,-1.432865944,1.670478692,-12.57006712
474,19926.png,-3.330302334,12.23366404,-,1,7.156756824,11.04981609,-0.613451482,-2.468623114,-0.277784597,18.63693724
475,20040.png,18.36792494,-9.438594078,-,5,7.093445365,-10.23856062,-0.989057248,-1.16471668,-3.095114179,-7.149589691
476,20096.png,2.290808067,-12.7084351,-,8,-2.943097602,-6.173509823,8.832405255,8.086018709,10.26675052,3.31456129
477,20198.png,-1.456181256,-4.815819287,-,2,9.879946733,5.207562212,6.654714849,7.224665983,12.234881,11.91584565
478,20200.png,-5.783895417,13.18416376,-,1,5.260776411,10.70554906,0.206506275,-3.176564092,0.867106631,22.94639524
479,20245.png,2.88576834,-2.695060819,-,2,14.53004065,-1.305423333,5.257890609,10.41792403,6.099196434,15.07985091
480,20357.png,-24.43478639,3.202624945,-,4,-18.49925595,9.453771869,-2.059692041,-6.847829558,-0.400877577,-9.814200981
481,20378.png,-26.09272057,-6.540351204,-,7,-26.63671503,21.73017561,-8.849144178,3.666354596,3.019783416,-1.788408526
482,20396.png,24.71453415,7.337027219,-,6,28.23688313,-11.20937154,-2.71512105,-10.39243465,-4.298937067,-8.779392334
483,20447.png,24.23756547,9.130783541,-,6,26.12667805,-11.4789153,-2.092377928,-14.60859983,-3.45361467,-10.4212893
484,20452.png,7.054733517,-16.70828096,-,5,-4.512423778,-15.75294586,-0.692554311,2.800777406,-4.195854707,-4.945439257
485,20557.png,-31.83056418,0.67414482,-,9,-24.08154709,9.323426148,0.05061076,-7.560012848,8.339788349,-18.94415481
486,20604.png,-0.709094185,12.19698414,-,1,10.03820137,11.22157579,-2.389067382,-4.289938168,-2.016449152,14.32537716
487,20747.png,-28.2865384,4.803365037,-,4,-26.46579942,7.6560969,0.274035643,-7.017020671,1.967726264,-12.83224319
488,20752.png,-8.548645349,-8.449967256,-,7,-16.38052882,17.34951991,-5.968701462,6.979472896,3.100901472,17.45631069
489,20812.png,30.70084978,-8.927421029,-,0,27.33774194,-30.19729083,1.940374386,11.23798023,1.208925251,-6.497719721
490,20861.png,5.013218312,15.59529988,-,2,16.84173473,11.79996707,8.241267867,1.20591385,2.75563386,6.080072327
491,20964.png,-28.86975902,3.146068724,-,4,-27.57723846,9.104179399,1.365938581,-6.992760041,3.914591781,-8.87223047
492,21020.png,24.55081545,12.48220116,-,6,27.15877647,-11.76363054,-0.947925613,-20.12984986,-3.269362603,-11.51807709
493,21038.png,-14.15337666,-7.076424814,-,7,-18.92969663,13.29745508,-3.39530577,4.954934994,0.948665705,6.997071914
494,21051.png,1.403578041,-10.46941451,-,8,-3.375000192,-9.60117197,6.473333541,6.859954575,0.82007263,2.943480198
495,21143.png,5.188066022,8.470328973,-,1,10.69470959,10.77152602,-3.960808094,-3.70055083,-6.320513731,4.005814779
496,21147.png,1.398129379,-0.611557461,-,2,13.21276775,2.51263588,6.957024734,9.073052015,8.635666216,10.48812537
497,21264.png,-29.26496301,0.759728439,-,9,-20.40693859,8.420778359,-1.007481763,-6.166922999,6.026971176,-16.68802119
498,21351.png,0.28609582,22.32953586,-,5,-0.870688343,-1.196976291,5.720183244,-2.187573713,1.229223237,-22.17240913
499,21365.png,-15.2899697,-7.272774198,-,7,-16.23659638,11.8697242,-2.099082369,2.877894154,0.150978607,4.094495739
500,21413.png,11.40827517,-11.08918231,-,3,5.099621965,-8.918363804,12.74526809,7.015547147,-5.696701703,-13.29376977
501,21441.png,12.06358567,-9.309136855,-,3,4.380631665,-8.540902953,12.47303932,5.027898742,-6.072404701,-15.64075754
502,21469.png,-0.004183218,18.48025878,-,9,-4.855356905,1.646157179,3.3687591,-1.021624091,0.245773379,-13.28207791
503,21480.png,28.38535099,10.6898722,-,6,22.76800346,-7.469546557,0.94696743,-18.76424923,-7.419072147,-16.14435287
504,21677.png,28.860635,-5.911538328,-,0,26.33157825,-27.83594332,-0.953068329,9.61659829,1.305008485,-0.665338058
505,21698.png,7.11523043,3.3810664,-,3,7.554016936,8.8236138,-5.084015954,-2.831407273,-7.496640209,-5.055166966
506,21754.png,-24.19730806,-4.919612101,-,7,-26.80002232,17.16148494,-6.077575674,1.263784186,2.804448934,-4.933539825
507,21801.png,-29.54896878,6.86249855,-,4,-20.9156403,13.08212261,-0.393076657,-7.597803701,2.668634242,-16.29568276
508,21853.png,-9.755495236,-5.609464633,-,7,-17.36050152,13.29792055,-3.591296561,6.763252582,1.597943083,16.19792349
509,21943.png,13.20918954,22.9391594,-,2,11.23770556,-0.768537567,6.307329925,11.43695028,11.82984162,16.40573828
510,21968.png,-33.30539772,1.267759228,-,5,-22.78715882,9.529899824,1.662731746,-9.310289334,7.2159641,-20.1336078
511,22018.png,16.89412993,-1.324672794,-,8,8.930620053,-11.84140455,2.713952115,-0.787495442,-0.928739637,-7.639098855
512,22029.png,28.24956063,-3.507498309,-,0,26.35560898,-24.44368833,0.025877873,6.97745767,1.935308662,1.246915542
513,22109.png,12.83155894,-13.91509016,-,5,1.824041578,-15.88860715,3.131007141,2.807859922,-5.517368637,-10.66019907
514,22145.png,-22.16149542,-11.647188,-,7,-15.79278451,18.61854186,-4.364235155,-0.076931566,-0.260644445,-6.190428761
515,22173.png,-0.941551152,10.40277506,-,1,8.598608586,11.46755191,-1.313527782,-2.993201352,-1.317046887,13.43737674
516,22199.png,-0.183281552,13.79117043,-,1,10.68230671,8.266229597,-0.085052071,-3.525625846,-4.689938802,17.84326986
517,22218.png,-31.83110794,4.011877002,-,4,-27.6344658,10.58399943,1.366392152,-8.911671306,6.377730058,-15.27189864
518,22220.png,0.802189025,1.531158309,-,2,15.9461995,2.703552742,4.024879471,5.642687448,12.06375488,13.37739621
519,22291.png,15.16053177,2.317230982,-,3,15.11571023,-5.003698761,-3.457971464,-7.024935002,-4.754704414,-8.284744978
520,22327.png,21.43334553,7.389221197,-,6,24.75028972,-12.04564796,-4.29423802,-15.32735873,-3.226930827,-7.260197053
521,22335.png,-31.78220666,3.829035346,-,4,-27.30318291,10.23453471,1.289322827,-8.845202967,6.477725652,-15.9493035
522,22338.png,-2.574753702,-9.575495819,-,8,-7.616991292,-6.265924685,3.303157102,3.273363705,1.61954985,1.697479834
523,22343.png,-32.65851059,0.885799903,-,9,-23.54477601,9.462648101,0.839481898,-8.605564022,7.897878891,-19.78962912
524,22449.png,12.29376371,19.60745594,-,2,10.59886503,-3.642303899,3.863858755,11.69106105,9.273797427,19.3837238
525,22489.png,-22.88236903,-0.925474975,-,7,-27.24112542,12.19702496,-1.282273193,-1.344499351,4.0813666,-5.75049766
526,22507.png,0.127212969,-7.742593358,-,3,-1.801981025,-6.084263427,5.6842631,10.23036581,1.778500696,7.431521772
527,22581.png,25.355939,0.721940392,-,0,26.00311486,-18.57675339,-1.784699838,-0.191697542,0.006726822,2.402546855
528,22648.png,10.32730112,-6.86767802,-,3,1.949922218,-9.257988254,8.651623803,5.17231242,-5.253228034,-17.96270665
529,22662.png,4.499552393,-8.008692597,-,8,-0.06610391,-7.560925191,5.862800909,-0.151659877,2.691777718,-4.546806661
530,22732.png,14.00799508,-11.3047676,-,3,8.648190323,-11.54157372,11.27531875,5.290183383,-4.595170832,-14.46412999
531,22766.png,-1.132694249,-10.75186019,-,8,-5.607793683,-6.675627363,5.148185128,5.000785477,3.799074768,1.811315908
532,22796.png,4.964830917,-11.18611434,-,3,-1.99570755,-10.07468933,6.23445162,7.402715764,-1.945440949,-3.081804888
533,22814.png,6.529156183,-18.40125355,-,5,-4.919391744,-17.35078411,-2.444385904,2.678334753,-3.954646799,-2.129471904
534,22880.png,10.3678683,-6.249363091,-,3,3.130321238,-8.438332925,8.031355525,4.448082935,-5.841795112,-18.64550716
535,23028.png,-20.82590138,6.165040201,-,4,-31.3630855,9.337765975,3.576174842,-6.68224961,0.274727496,-2.016617829
536,23091.png,-3.552479108,12.35166922,-,1,6.432843788,11.09175387,0.603947508,-2.816121569,-1.159366413,18.7761941
537,23092.png,0.20239799,14.81249715,-,8,11.75973755,6.36923914,-0.246654007,-4.3779038,-4.494189466,18.7860854
538,23117.png,-20.54386572,-8.570151803,-,7,-18.61926666,16.86242047,-4.494248076,1.9758133,0.694105126,-0.673868814
539,23126.png,13.56309361,9.879543828,-,6,20.55644915,-8.82170736,-6.326841648,-4.861731489,-2.786243639,2.734131671
540,23148.png,-11.10568733,-10.22759816,-,4,-11.93863644,8.551670153,0.549197695,2.591508709,1.026972794,10.8469009
541,23198.png,15.5393236,-6.657352966,-,5,5.478347676,-9.716751655,3.185846617,1.015986283,-6.132335996,-16.77845707
542,23236.png,-5.259728731,1.996857849,-,3,5.465075974,-2.494815025,-0.642267563,6.603126563,2.067639834,20.16586303
543,23257.png,4.524699332,-5.772537293,-,8,-3.215679739,-4.488872369,5.123211063,1.793059948,1.657477909,-4.600806949
544,23262.png,33.06152122,-0.119597026,-,2,28.22968044,-24.55469201,2.675353734,10.47675488,5.096681098,4.573091835
545,23293.png,11.55661305,-6.74939374,-,3,1.812637316,-8.117507477,8.516536233,3.732006872,-3.483234985,-16.25825277
546,23312.png,-5.627865532,-17.24060006,-,8,-1.980943518,-8.529177012,4.312657769,7.679464495,7.354745771,9.948830006
547,23323.png,11.63383646,20.85357521,-,2,9.446586407,-1.739782725,4.940984733,11.10900967,9.842546275,18.29763582
548,23355.png,-11.99582377,1.543429183,-,4,-20.30970574,7.881261593,-0.121552198,2.575643728,2.371101095,16.72495272
549,23410.png,-20.78746753,4.152528399,-,4,-27.85476062,9.877607002,3.06195713,-6.995580802,2.620876754,-3.203816187
550,23458.png,-28.37138675,-6.520595133,-,7,-22.35256524,20.78067509,-6.456295387,0.642517151,3.553035805,-10.33114219
551,23482.png,-27.84766929,2.072108235,-,4,-19.4212245,8.501205988,0.43813563,-9.799451285,4.259858096,-11.38457907
552,23758.png,16.65787441,-6.405349171,-,3,8.13586097,-8.710455337,5.875907203,0.602319865,-4.594883252,-17.74556044
553,23785.png,-23.41270221,-6.637387902,-,7,-23.34566293,17.97679291,-6.047706533,1.268466275,1.589376537,-3.967771539
554,23786.png,15.11266178,7.171503057,-,6,19.47478086,-7.762913752,-6.561157483,-7.152637301,-3.417365351,-0.951152181
555,23790.png,12.03395968,-4.204448875,-,3,2.506234732,-6.087800712,7.022545151,0.986758404,-3.446536924,-18.41637101
556,23830.png,-1.328396917,-11.61399665,-,8,-6.818372395,-8.485440339,4.928198259,5.348195032,3.208647546,3.199027763
557,23870.png,-2.942659571,-13.9836643,-,8,-7.524918643,-12.34261286,4.257974341,7.012416491,0.959150724,5.436289892
558,23903.png,-15.77916579,1.951447209,-,9,-30.81729029,8.171561383,-2.041210952,3.325053105,2.671021717,9.262663513
559,23910.png,6.62003461,-15.24728189,-,5,-4.965273376,-13.58681609,-0.030746471,4.342327308,-6.536214405,-4.975460365
560,23924.png,-19.2270536,-1.544418266,-,9,-27.1946809,7.863648314,-1.673289893,3.381959455,1.600871221,0.857225348
561,23989.png,4.371973133,-5.879161924,-,8,-3.322888136,-4.816666848,5.071557966,1.881628875,1.712484778,-4.168005651
562,23991.png,0.447453779,20.6613864,-,8,-1.700327582,-0.765423886,5.617494483,-0.835573395,-0.147250816,-19.87910097
563,24045.png,-34.44835655,-1.31212661,-,9,-24.46622386,7.40908127,0.577364427,-7.655496104,10.71463008,-22.85133671
564,24129.png,8.252913945,-7.942431037,-,3,-0.334291554,-8.915173944,6.783023485,7.446595315,-4.491603673,-13.47807959
565,24274.png,18.38355661,-5.662469341,-,5,9.869626557,-9.643128389,5.66154463,-1.71115339,-3.590557209,-20.54234889
566,24285.png,13.74482775,-10.94893063,-,3,8.225151466,-10.74244934,10.94949973,4.938830841,-4.974301293,-14.53218624
567,24321.png,28.58287913,-5.751006423,-,0,26.06671319,-27.23138052,-1.060938637,9.026082958,1.242489687,-1.201263658
568,24379.png,-30.4559845,4.922086202,-,4,-24.93607171,10.80401721,0.714305238,-8.320197108,4.135568285,-15.4302208
569,24417.png,6.906000449,4.392594437,-,1,7.724277805,10.02562365,-4.555946185,-2.887840785,-8.135512096,-2.78594814
570,24423.png,-29.78511304,-6.807122563,-,7,-22.20152526,22.8615613,-7.27558345,-0.393388606,3.849093216,-13.44292213
571,24521.png,-16.17479312,-10.06511056,-,7,-18.58992502,18.38033434,-5.170145937,6.294096979,2.103386763,2.912977158
572,24540.png,-2.899536359,-17.29395772,-,8,-6.698372093,-13.65026795,4.966020569,8.92255276,5.252539534,9.202956073
573,24549.png,9.992965431,-14.85055887,-,5,-0.768816183,-15.62854459,1.775471626,4.439945618,-7.740478066,-9.043042053
574,24722.png,-33.54577936,6.246387772,-,4,-30.2959478,11.31069124,1.334706341,-8.681093626,8.795473319,-10.07210702
575,24736.png,11.05743823,14.4253909,-,2,20.40258941,5.203250846,0.522467628,-6.108546128,7.963128244,3.964461435
576,24834.png,-17.4421066,-6.400843504,-,9,-17.5590645,10.0700732,-1.408141596,0.68201521,-0.356571397,-0.371031775
577,24835.png,-9.334930508,-3.768909343,-,9,-18.55363651,10.31553131,-2.530760942,7.614142103,1.365891492,16.12400494
578,24848.png,-2.012050306,-14.09755497,-,8,-6.935923592,-12.4639503,5.665592245,7.236176067,2.964547029,4.056627726
579,24864.png,-0.066706167,-0.305517431,-,2,12.02593323,3.955317749,5.28566569,7.08137093,7.416600032,10.89053032
580,24903.png,-13.11146996,-6.902624927,-,7,-17.98093636,13.93994276,-3.478541089,4.297087829,0.492877681,8.822395997
581,24955.png,2.028304453,-0.575934192,-,2,14.28791501,1.775462213,7.385045355,9.869064158,8.912108382,10.40390774
582,24960.png,-1.38654905,10.52604911,-,1,7.853236459,12.26335793,-0.027134083,-2.807986629,-1.748612257,14.14130503
583,25040.png,-24.9484114,-4.841923795,-,7,-27.82573942,17.67900331,-6.7203782,0.60107663,2.556119012,-5.392162739
584,25073.png,14.07455136,-16.89522428,-,8,6.729868912,-3.731981761,-0.932257874,6.858799813,2.133008092,19.80423138
585,25081.png,-22.8666845,-4.114104345,-,7,-24.73293283,15.9026467,-5.136301066,-0.478261715,4.927715026,-5.339678136
586,25087.png,9.627613302,-7.042124098,-,3,1.014973856,-10.16258044,8.063839832,6.512572104,-5.319490693,-17.76315275
587,25260.png,-1.65476343,9.435923808,-,1,8.476733632,11.50001133,0.329306417,-1.230818282,-0.372409479,13.28041753
588,25288.png,-26.94209603,-12.63851716,-,3,6.367963798,0.827196874,1.464063858,-3.889735333,-4.16340806,-18.17658432
589,25322.png,19.97290042,5.732195252,-,6,21.44156446,-10.49545992,-5.110140986,-12.85946157,-5.097361834,-7.757926234
590,25418.png,-28.99757425,9.110026976,-,5,-26.66139161,3.794568155,-4.431708868,-2.28171937,1.18921375,-15.73957712
591,25453.png,-33.40379967,4.407219256,-,4,-29.7555865,12.32798287,2.26175583,-10.22574851,8.008689885,-15.78880908
592,25482.png,-7.407243633,-1.180626971,-,8,-9.78817026,-10.5355207,2.879282215,8.754084853,4.247332759,15.51253109
593,25487.png,-13.20899338,-5.201023467,-,9,-17.35439138,10.62492597,-1.258557939,1.494771318,-0.084068092,10.2060284
594,25519.png,6.456587492,6.58971438,-,1,9.338360886,11.06111669,-4.979491953,-1.96100587,-8.819809292,0.210296637
595,25528.png,-11.74721972,11.81648216,-,8,-10.92639749,-8.456386836,1.119959737,8.157042173,3.819867281,19.60316328
596,25589.png,1.944239222,7.828915206,-,1,7.521208415,12.24000768,-1.114135987,-1.539621411,-4.279936654,6.770834221
597,25735.png,8.848953681,-15.35053918,-,5,-1.907617055,-15.32776757,0.897048382,4.451624474,-7.096787847,-6.554064515
598,25771.png,20.8092819,8.66275198,-,6,26.40912406,-12.21435162,-5.190004349,-12.18138905,-3.843709493,-5.005415694
599,25828.png,17.91001942,-6.569458805,-,5,10.68049456,-9.225676883,5.02257162,-0.57597838,-4.842840929,-18.32621001
600,25869.png,17.86394449,3.962875811,-,6,18.48077463,-8.405411414,-4.894102992,-12.46791136,-5.912239158,-8.455587355